model,perturbation,n,delta_mean,delta_std,delta_median,delta_q25,delta_q75,delta_positive_rate,s_original_mean,s_corrupted_mean
clip,original_caption,25010,,,,,,,0.2635294961312675,
llm2clip,original_caption,25010,,,,,,,0.28172991167821676,
clip,semantic_distractor,25010,0.043881687113479236,0.03040415564158348,0.042364001,0.02289435625,0.06269488749999999,0.9388644542183127,0.2635294961312675,0.21964780897045183
llm2clip,semantic_distractor,25010,0.030204124459306977,0.043504592853982664,0.028935514,5.2452087499999995e-05,0.05934064125,0.7504198320671731,0.28172991167821676,0.2515257872661856
clip,object_swap,14233,0.035608583735282265,0.02632521059877477,0.033514187,0.016898692,0.051864326,0.9392257429916392,0.2645405588200661,0.2289319750243097
llm2clip,object_swap,14233,0.06714385231451073,0.04163339085228172,0.06744169,0.040639192,0.09298006,0.9496943722335418,0.2852227466980608,0.2180788943999255
clip,attribute_spatial_swap,18131,0.005723316842196588,0.014402974525838885,0.0028623939,-0.0027288422,0.0106811895,0.6288676851800783,0.2640374373225415,0.2583141205079146
llm2clip,attribute_spatial_swap,18131,0.021000251028422373,0.03268268992270975,0.013915002,0.00018480420000000002,0.0354885165,0.7532954608129723,0.28323378301354035,0.26223353190544924
