perturbation,total,applied,coverage
attribute_spatial_swap,25010,18131,0.7249500199920031
object_swap,25010,14233,0.5690923630547781
semantic_distractor,25010,25010,1.0
